{"cameraMode":{"drawMode":0,"name":"Shaded","section":"Shading Mode"},"sceneLighting":true,"audioPlay":false,"sceneViewState":{"m_AlwaysRefresh":false,"showFog":true,"showSkybox":true,"showFlares":true,"showImageEffects":true,"showParticleSystems":true,"showVisualEffectGraphs":true,"m_FxEnabled":true},"in2DMode":false,"pivot":{"x":93.72319793701172,"y":123.80189514160156,"z":-7.5379638671875},"rotation":{"x":0.11762858927249909,"y":0.004157549701631069,"z":-0.0004847932723350823,"w":0.9930859804153442},"size":158.5459747314453,"orthographic":false}